id	title	url
1	미즈케어 솔루션 2	https://replyalba.com/pt/Y1PHVwO7GO
2	CR-5	https://replyalba.com/pt/JNyIgk9t32
3	MS-II PLUS	https://replyalba.com/pt/IGBX5btayE
4	공후하결	https://replyalba.com/pt/UKfoQbTwGI
5	레이디큐어 솔루션	https://replyalba.com/pt/WsdU9oMhje
6	레이디큐어 솔루션 2	https://replyalba.com/pt/z6pRyceT7w
7	미즈케어 솔루션	https://replyalba.com/pt/N0cKnHbm9V
8	미즈케어 솔루션 3	https://replyalba.com/pt/DU4eJfMd1j
9	미즈케어 솔루션 4	https://replyalba.com/pt/SoLJ7OMizy
10	미즈케어 솔루션 5	https://replyalba.com/pt/Phjrq2zsy8
11	미즈케어 솔루션 6	https://replyalba.com/pt/MbTJlgNLg8
12	미즈케어 솔루션 7	https://replyalba.com/pt/GnNKelUPTQ
13	미즈케어 여궁	https://replyalba.com/pt/WeWtmEo70h
14	바스트핏 솔루션	https://replyalba.com/pt/MNGGagfIeF
15	베리얀	https://replyalba.com/pt/NGi7kc77mF
16	스템벨	https://replyalba.com/pt/yBXZ7Kddui
17	스템벨 자생력 앰플	https://replyalba.com/pt/CzCyUNUG4o
18	스템엔셀 미미셀 시그니처	https://replyalba.com/pt/Rzqo5tlz9p
19	여궁골드	https://replyalba.com/pt/Z1IJI9rY2c
20	여궁닥터	https://replyalba.com/pt/IlnAem4ygW
21	여궁화이트	https://replyalba.com/pt/SNLg3ILPbd
22	올리모아	https://replyalba.com/pt/C7qCzRVOZ8
23	올리모아 2	https://replyalba.com/pt/yN552PODWx
24	우먼시크릿	https://replyalba.com/pt/YfcVFCdD21
25	우먼시크릿2	https://replyalba.com/pt/xWHMHU09mP
26	우먼시크릿3	https://replyalba.com/pt/LAiSP6X1ij
27	우먼시크릿4	https://replyalba.com/pt/EkShEr1oPs
28	우먼시크릿5	https://replyalba.com/pt/WSueAH6gko
29	천수애진	https://replyalba.com/pt/SanlazetIb
30	천수애진2	https://replyalba.com/pt/PkcJmotCli
31	천수윤진	https://replyalba.com/pt/ILAPhWg9Zx
32	천수윤진2	https://replyalba.com/pt/Sxw8G15GMU